{
  "name": "Simplified Chinese to Traditional Chinese (Hong Kong standard)",
  "segmentation": {
    "type": "mmseg",
    "dict": {
      "type": "text",
      "file": "STPhrases.txt"
    }
  },
  "conversion_chain": [{
    "dict": {
      "type": "group",
      "dicts": [{
        "type": "text",
        "file": "STPhrases.txt"
      }, {
        "type": "text",
        "file": "STCharacters.txt"
      }]
    }
  }, {
    "dict": {
      "type": "group",
      "dicts": [{
        "type": "text",
        "file": "HKVariantsPhrases.txt"
      }, {
        "type": "text",
        "file": "HKVariants.txt"
      }] 
    }
  }]
}
